url;house_id;city;house_type;building_type;price;price_m2;room;bedroom;bathroom;living_area;energy_label;zip;address;year_built;house_age;descrip;photo;m3_gasverbruik_per_jaar;kwh_stroomvebruik_per_jaar
https://www.funda.nl/koop/kedichem/huis-43587333-lingedijk-0-ong/;43587333;kedichem;huis;Nieuwbouw;420000;3589.7;3;2;0;117;na;4247;Lingedijk (Bouwnr. 9);2024;0;Op zoek naar  een  een duurzame  en landelijk  gelegen nieuwbouwwoning in Kedichem  (Kekum)?   Nieuwbouwplan Hoeve Lingerijk  bestaat  uit  10 rug-aan-rugwoningen  aan de Lingedijk.  De naam  van het  project  maakt  een  knipoog naar de naastgelegen ‘Gravinnehoeve’ en het prachtig wonen in een groene omgeving vlak naast de rivier de Linge. Hoeve Lingerijk wordt een fijne plek om te wonen in een landelijke omgeving. En je bent ook nog eens snel in Leerdam, Utrecht, Nieuwegein en Gorinchem!;https://cloud.funda.nl/valentina_media/189/924/627_1440x960.jpg 1440w, https://cloud.funda.nl/valentina_media/189/924/627_180x120.jpg 180w, https://cloud.funda.nl/valentina_media/189/924/627_360x240.jpg 360w, https://cloud.funda.nl/valentina_media/189/924/627_720x480.jpg 720w, https://cloud.funda.nl/valentina_media/189/924/627_1080x720.jpg 1080w, https://cloud.funda.nl/valentina_media/189/924/627_2160x1440.jpg 2160w, https://cloud.funda.nl/valentina_media/189/924/629_1440x960.jpg 1440w, https://cloud.funda.nl/valentina_media/189/924/629_180x120.jpg 180w, https://cloud.funda.nl/valentina_media/189/924/629_360x240.jpg 360w, https://cloud.funda.nl/valentina_media/189/924/629_720x480.jpg 720w, https://cloud.funda.nl/valentina_media/189/924/629_1080x720.jpg 1080w, https://cloud.funda.nl/valentina_media/189/924/629_2160x1440.jpg 2160w, https://cloud.funda.nl/valentina_media/189/924/628_1440x960.jpg 1440w, https://cloud.funda.nl/valentina_media/189/924/628_180x120.jpg 180w, https://cloud.funda.nl/valentina_media/189/924/628_360x240.jpg 360w, https://cloud.funda.nl/valentina_media/189/924/628_720x480.jpg 720w, https://cloud.funda.nl/valentina_media/189/924/628_1080x720.jpg 1080w, https://cloud.funda.nl/valentina_media/189/924/628_2160x1440.jpg 2160w, https://cloud.funda.nl/valentina_media/189/924/633_1440x960.jpg 1440w, https://cloud.funda.nl/valentina_media/189/924/633_180x120.jpg 180w, https://cloud.funda.nl/valentina_media/189/924/633_360x240.jpg 360w, https://cloud.funda.nl/valentina_media/189/924/633_720x480.jpg 720w, https://cloud.funda.nl/valentina_media/189/924/633_1080x720.jpg 1080w, https://cloud.funda.nl/valentina_media/189/924/633_2160x1440.jpg 2160w;773;
https://www.funda.nl/koop/kedichem/huis-43408879-lingedijk-0-ong/;43408879;kedichem;huis;Nieuwbouw;450000;3846.2;3;2;0;117;na;4247;Lingedijk (Bouwnr. 1);2024;0;Op zoek naar  een  een duurzame  en landelijk  gelegen nieuwbouwwoning in Kedichem  (Kekum)?   Nieuwbouwplan Hoeve Lingerijk bestaat uit 10  rug-aan-rugwoningen  aan de Lingedijk.  De naam van het  project maakt  een  knipoog  naar de naastgelegen ‘Gravinnehoeve’ en het prachtig wonen in een groene omgeving vlak naast de rivier de Linge. Hoeve Lingerijk wordt een fijne plek om te wonen in een landelijke omgeving. En je bent ook nog eens snel in Leerdam, Utrecht, Nieuwegein en Gorinchem!;https://cloud.funda.nl/valentina_media/188/732/209_1440x960.jpg 1440w, https://cloud.funda.nl/valentina_media/188/732/209_180x120.jpg 180w, https://cloud.funda.nl/valentina_media/188/732/209_360x240.jpg 360w, https://cloud.funda.nl/valentina_media/188/732/209_720x480.jpg 720w, https://cloud.funda.nl/valentina_media/188/732/209_1080x720.jpg 1080w, https://cloud.funda.nl/valentina_media/188/732/209_2160x1440.jpg 2160w, https://cloud.funda.nl/valentina_media/188/732/210_1440x960.jpg 1440w, https://cloud.funda.nl/valentina_media/188/732/210_180x120.jpg 180w, https://cloud.funda.nl/valentina_media/188/732/210_360x240.jpg 360w, https://cloud.funda.nl/valentina_media/188/732/210_720x480.jpg 720w, https://cloud.funda.nl/valentina_media/188/732/210_1080x720.jpg 1080w, https://cloud.funda.nl/valentina_media/188/732/210_2160x1440.jpg 2160w, https://cloud.funda.nl/valentina_media/188/732/213_1440x960.jpg 1440w, https://cloud.funda.nl/valentina_media/188/732/213_180x120.jpg 180w, https://cloud.funda.nl/valentina_media/188/732/213_360x240.jpg 360w, https://cloud.funda.nl/valentina_media/188/732/213_720x480.jpg 720w, https://cloud.funda.nl/valentina_media/188/732/213_1080x720.jpg 1080w, https://cloud.funda.nl/valentina_media/188/732/213_2160x1440.jpg 2160w, https://cloud.funda.nl/valentina_media/188/732/215_1440x960.jpg 1440w, https://cloud.funda.nl/valentina_media/188/732/215_180x120.jpg 180w, https://cloud.funda.nl/valentina_media/188/732/215_360x240.jpg 360w, https://cloud.funda.nl/valentina_media/188/732/215_720x480.jpg 720w, https://cloud.funda.nl/valentina_media/188/732/215_1080x720.jpg 1080w, https://cloud.funda.nl/valentina_media/188/732/215_2160x1440.jpg 2160w;935;
https://www.funda.nl/koop/kedichem/huis-43408886-lingedijk-0-ong/;43408886;kedichem;huis;Nieuwbouw;420000;3589.7;4;3;0;117;na;4247;Lingedijk (Bouwnr. 8);2024;0;Op zoek naar  een  een duurzame  en landelijk  gelegen nieuwbouwwoning in Kedichem  (Kekum)?   Nieuwbouwplan Hoeve Lingerijk bestaat  uit 10  rug-aan-rugwoningen  aan de Lingedijk.  De  naam  van  het  project maakt een knipoog  naar de naastgelegen ‘Gravinnehoeve’ en het prachtig wonen in een groene omgeving vlak naast de rivier de Linge. Hoeve Lingerijk wordt een fijne plek om te wonen in een landelijke omgeving. En je bent ook nog eens snel in Leerdam, Utrecht, Nieuwegein en Gorinchem!;https://cloud.funda.nl/valentina_media/188/731/764_1440x960.jpg 1440w, https://cloud.funda.nl/valentina_media/188/731/764_180x120.jpg 180w, https://cloud.funda.nl/valentina_media/188/731/764_360x240.jpg 360w, https://cloud.funda.nl/valentina_media/188/731/764_720x480.jpg 720w, https://cloud.funda.nl/valentina_media/188/731/764_1080x720.jpg 1080w, https://cloud.funda.nl/valentina_media/188/731/764_2160x1440.jpg 2160w, https://cloud.funda.nl/valentina_media/188/731/768_1440x960.jpg 1440w, https://cloud.funda.nl/valentina_media/188/731/768_180x120.jpg 180w, https://cloud.funda.nl/valentina_media/188/731/768_360x240.jpg 360w, https://cloud.funda.nl/valentina_media/188/731/768_720x480.jpg 720w, https://cloud.funda.nl/valentina_media/188/731/768_1080x720.jpg 1080w, https://cloud.funda.nl/valentina_media/188/731/768_2160x1440.jpg 2160w, https://cloud.funda.nl/valentina_media/188/731/772_1440x960.jpg 1440w, https://cloud.funda.nl/valentina_media/188/731/772_180x120.jpg 180w, https://cloud.funda.nl/valentina_media/188/731/772_360x240.jpg 360w, https://cloud.funda.nl/valentina_media/188/731/772_720x480.jpg 720w, https://cloud.funda.nl/valentina_media/188/731/772_1080x720.jpg 1080w, https://cloud.funda.nl/valentina_media/188/731/772_2160x1440.jpg 2160w, https://cloud.funda.nl/valentina_media/188/731/770_1440x960.jpg 1440w, https://cloud.funda.nl/valentina_media/188/731/770_180x120.jpg 180w, https://cloud.funda.nl/valentina_media/188/731/770_360x240.jpg 360w, https://cloud.funda.nl/valentina_media/188/731/770_720x480.jpg 720w, https://cloud.funda.nl/valentina_media/188/731/770_1080x720.jpg 1080w, https://cloud.funda.nl/valentina_media/188/731/770_2160x1440.jpg 2160w;1092;
https://www.funda.nl/koop/kedichem/huis-43408876-lingedijk-0-ong/;43408876;kedichem;huis;Nieuwbouw;420000;3589.7;4;3;0;117;na;4247;Lingedijk (Bouwnr. 4);2024;0;Op zoek naar  een  een duurzame  en landelijk  gelegen nieuwbouwwoning in Kedichem  (Kekum)?   Nieuwbouwplan Hoeve Lingerijk bestaat  uit  10 rug-aan-rugwoningen  aan de Lingedijk.  De naam  van  het project maakt  een  knipoog  naar de naastgelegen ‘Gravinnehoeve’ en het prachtig wonen in een groene omgeving vlak naast de rivier de Linge. Hoeve Lingerijk wordt een fijne plek om te wonen in een landelijke omgeving. En je bent ook nog eens snel in Leerdam, Utrecht, Nieuwegein en Gorinchem!;https://cloud.funda.nl/valentina_media/188/732/079_1440x960.jpg 1440w, https://cloud.funda.nl/valentina_media/188/732/079_180x120.jpg 180w, https://cloud.funda.nl/valentina_media/188/732/079_360x240.jpg 360w, https://cloud.funda.nl/valentina_media/188/732/079_720x480.jpg 720w, https://cloud.funda.nl/valentina_media/188/732/079_1080x720.jpg 1080w, https://cloud.funda.nl/valentina_media/188/732/079_2160x1440.jpg 2160w, https://cloud.funda.nl/valentina_media/188/732/080_1440x960.jpg 1440w, https://cloud.funda.nl/valentina_media/188/732/080_180x120.jpg 180w, https://cloud.funda.nl/valentina_media/188/732/080_360x240.jpg 360w, https://cloud.funda.nl/valentina_media/188/732/080_720x480.jpg 720w, https://cloud.funda.nl/valentina_media/188/732/080_1080x720.jpg 1080w, https://cloud.funda.nl/valentina_media/188/732/080_2160x1440.jpg 2160w, https://cloud.funda.nl/valentina_media/188/732/081_1440x960.jpg 1440w, https://cloud.funda.nl/valentina_media/188/732/081_180x120.jpg 180w, https://cloud.funda.nl/valentina_media/188/732/081_360x240.jpg 360w, https://cloud.funda.nl/valentina_media/188/732/081_720x480.jpg 720w, https://cloud.funda.nl/valentina_media/188/732/081_1080x720.jpg 1080w, https://cloud.funda.nl/valentina_media/188/732/081_2160x1440.jpg 2160w, https://cloud.funda.nl/valentina_media/188/732/078_1440x960.jpg 1440w, https://cloud.funda.nl/valentina_media/188/732/078_180x120.jpg 180w, https://cloud.funda.nl/valentina_media/188/732/078_360x240.jpg 360w, https://cloud.funda.nl/valentina_media/188/732/078_720x480.jpg 720w, https://cloud.funda.nl/valentina_media/188/732/078_1080x720.jpg 1080w, https://cloud.funda.nl/valentina_media/188/732/078_2160x1440.jpg 2160w;1584;
https://www.funda.nl/koop/kedichem/huis-43408871-lingedijk-0-ong/;43408871;kedichem;huis;Nieuwbouw;420000;3589.7;4;3;0;117;na;4247;Lingedijk (Bouwnr. 3);2024;0;Op zoek naar  een  een duurzame  en landelijk  gelegen nieuwbouwwoning in Kedichem  (Kekum)?   Nieuwbouwplan Hoeve Lingerijk  bestaat  uit  10 rug-aan-rugwoningen  aan de Lingedijk.  De naam van het  project maakt  een knipoog  naar de naastgelegen ‘Gravinnehoeve’ en het prachtig wonen in een groene omgeving vlak naast de rivier de Linge. Hoeve Lingerijk wordt een fijne plek om te wonen in een landelijke omgeving. En je bent ook nog eens snel in Leerdam, Utrecht, Nieuwegein en Gorinchem!;https://cloud.funda.nl/valentina_media/188/732/115_1440x960.jpg 1440w, https://cloud.funda.nl/valentina_media/188/732/115_180x120.jpg 180w, https://cloud.funda.nl/valentina_media/188/732/115_360x240.jpg 360w, https://cloud.funda.nl/valentina_media/188/732/115_720x480.jpg 720w, https://cloud.funda.nl/valentina_media/188/732/115_1080x720.jpg 1080w, https://cloud.funda.nl/valentina_media/188/732/115_2160x1440.jpg 2160w, https://cloud.funda.nl/valentina_media/188/732/113_1440x960.jpg 1440w, https://cloud.funda.nl/valentina_media/188/732/113_180x120.jpg 180w, https://cloud.funda.nl/valentina_media/188/732/113_360x240.jpg 360w, https://cloud.funda.nl/valentina_media/188/732/113_720x480.jpg 720w, https://cloud.funda.nl/valentina_media/188/732/113_1080x720.jpg 1080w, https://cloud.funda.nl/valentina_media/188/732/113_2160x1440.jpg 2160w, https://cloud.funda.nl/valentina_media/188/732/117_1440x960.jpg 1440w, https://cloud.funda.nl/valentina_media/188/732/117_180x120.jpg 180w, https://cloud.funda.nl/valentina_media/188/732/117_360x240.jpg 360w, https://cloud.funda.nl/valentina_media/188/732/117_720x480.jpg 720w, https://cloud.funda.nl/valentina_media/188/732/117_1080x720.jpg 1080w, https://cloud.funda.nl/valentina_media/188/732/117_2160x1440.jpg 2160w, https://cloud.funda.nl/valentina_media/188/732/118_1440x960.jpg 1440w, https://cloud.funda.nl/valentina_media/188/732/118_180x120.jpg 180w, https://cloud.funda.nl/valentina_media/188/732/118_360x240.jpg 360w, https://cloud.funda.nl/valentina_media/188/732/118_720x480.jpg 720w, https://cloud.funda.nl/valentina_media/188/732/118_1080x720.jpg 1080w, https://cloud.funda.nl/valentina_media/188/732/118_2160x1440.jpg 2160w;1405;
https://www.funda.nl/koop/kedichem/huis-43587335-lingedijk-0-ong/;43587335;kedichem;huis;Nieuwbouw;450000;3846.2;3;2;0;117;na;4247;Lingedijk (Bouwnr. 5);2024;0;Op zoek naar  een  een duurzame  en landelijk  gelegen nieuwbouwwoning in Kedichem  (Kekum)?   Nieuwbouwplan Hoeve Lingerijk  bestaat uit  10 rug-aan-rugwoningen aan de Lingedijk.  De  naam van het  project maakt  een knipoog naar de naastgelegen ‘Gravinnehoeve’ en het prachtig wonen in een groene omgeving vlak naast de rivier de Linge. Hoeve Lingerijk wordt een fijne plek om te wonen in een landelijke omgeving. En je bent ook nog eens snel in Leerdam, Utrecht, Nieuwegein en Gorinchem!;https://cloud.funda.nl/valentina_media/189/924/524_1440x960.jpg 1440w, https://cloud.funda.nl/valentina_media/189/924/524_180x120.jpg 180w, https://cloud.funda.nl/valentina_media/189/924/524_360x240.jpg 360w, https://cloud.funda.nl/valentina_media/189/924/524_720x480.jpg 720w, https://cloud.funda.nl/valentina_media/189/924/524_1080x720.jpg 1080w, https://cloud.funda.nl/valentina_media/189/924/524_2160x1440.jpg 2160w, https://cloud.funda.nl/valentina_media/189/924/525_1440x960.jpg 1440w, https://cloud.funda.nl/valentina_media/189/924/525_180x120.jpg 180w, https://cloud.funda.nl/valentina_media/189/924/525_360x240.jpg 360w, https://cloud.funda.nl/valentina_media/189/924/525_720x480.jpg 720w, https://cloud.funda.nl/valentina_media/189/924/525_1080x720.jpg 1080w, https://cloud.funda.nl/valentina_media/189/924/525_2160x1440.jpg 2160w, https://cloud.funda.nl/valentina_media/189/924/529_1440x960.jpg 1440w, https://cloud.funda.nl/valentina_media/189/924/529_180x120.jpg 180w, https://cloud.funda.nl/valentina_media/189/924/529_360x240.jpg 360w, https://cloud.funda.nl/valentina_media/189/924/529_720x480.jpg 720w, https://cloud.funda.nl/valentina_media/189/924/529_1080x720.jpg 1080w, https://cloud.funda.nl/valentina_media/189/924/529_2160x1440.jpg 2160w, https://cloud.funda.nl/valentina_media/189/924/535_1440x960.jpg 1440w, https://cloud.funda.nl/valentina_media/189/924/535_180x120.jpg 180w, https://cloud.funda.nl/valentina_media/189/924/535_360x240.jpg 360w, https://cloud.funda.nl/valentina_media/189/924/535_720x480.jpg 720w, https://cloud.funda.nl/valentina_media/189/924/535_1080x720.jpg 1080w, https://cloud.funda.nl/valentina_media/189/924/535_2160x1440.jpg 2160w;904;
https://www.funda.nl/koop/kedichem/huis-43587322-lingedijk-0-ong/;43587322;kedichem;huis;Nieuwbouw;450000;3846.2;3;2;0;117;na;4247;Lingedijk (Bouwnr. 6);2024;0;Op zoek naar  een  een duurzame  en landelijk  gelegen nieuwbouwwoning in Kedichem  (Kekum)?   Nieuwbouwplan Hoeve Lingerijk  bestaat  uit 10 rug-aan-rugwoningen  aan de Lingedijk.  De  naam van  het  project  maakt een knipoog  naar de naastgelegen ‘Gravinnehoeve’ en het prachtig wonen in een groene omgeving vlak naast de rivier de Linge. Hoeve Lingerijk wordt een fijne plek om te wonen in een landelijke omgeving. En je bent ook nog eens snel in Leerdam, Utrecht, Nieuwegein en Gorinchem!;https://cloud.funda.nl/valentina_media/189/924/591_1440x960.jpg 1440w, https://cloud.funda.nl/valentina_media/189/924/591_180x120.jpg 180w, https://cloud.funda.nl/valentina_media/189/924/591_360x240.jpg 360w, https://cloud.funda.nl/valentina_media/189/924/591_720x480.jpg 720w, https://cloud.funda.nl/valentina_media/189/924/591_1080x720.jpg 1080w, https://cloud.funda.nl/valentina_media/189/924/591_2160x1440.jpg 2160w, https://cloud.funda.nl/valentina_media/189/924/578_1440x960.jpg 1440w, https://cloud.funda.nl/valentina_media/189/924/578_180x120.jpg 180w, https://cloud.funda.nl/valentina_media/189/924/578_360x240.jpg 360w, https://cloud.funda.nl/valentina_media/189/924/578_720x480.jpg 720w, https://cloud.funda.nl/valentina_media/189/924/578_1080x720.jpg 1080w, https://cloud.funda.nl/valentina_media/189/924/578_2160x1440.jpg 2160w, https://cloud.funda.nl/valentina_media/189/924/589_1440x960.jpg 1440w, https://cloud.funda.nl/valentina_media/189/924/589_180x120.jpg 180w, https://cloud.funda.nl/valentina_media/189/924/589_360x240.jpg 360w, https://cloud.funda.nl/valentina_media/189/924/589_720x480.jpg 720w, https://cloud.funda.nl/valentina_media/189/924/589_1080x720.jpg 1080w, https://cloud.funda.nl/valentina_media/189/924/589_2160x1440.jpg 2160w, https://cloud.funda.nl/valentina_media/189/924/592_1440x960.jpg 1440w, https://cloud.funda.nl/valentina_media/189/924/592_180x120.jpg 180w, https://cloud.funda.nl/valentina_media/189/924/592_360x240.jpg 360w, https://cloud.funda.nl/valentina_media/189/924/592_720x480.jpg 720w, https://cloud.funda.nl/valentina_media/189/924/592_1080x720.jpg 1080w, https://cloud.funda.nl/valentina_media/189/924/592_2160x1440.jpg 2160w;987;
https://www.funda.nl/koop/kedichem/huis-43587321-lingedijk-0-ong/;43587321;kedichem;huis;Nieuwbouw;420000;3589.7;3;2;0;117;na;4247;Lingedijk (Bouwnr. 2);2024;0;Op zoek naar  een  een duurzame  en landelijk  gelegen nieuwbouwwoning in Kedichem  (Kekum)?   Nieuwbouwplan Hoeve Lingerijk bestaat  uit 10  rug-aan-rugwoningen  aan de Lingedijk.  De  naam  van  het  project maakt een knipoog  naar de naastgelegen ‘Gravinnehoeve’ en het prachtig wonen in een groene omgeving vlak naast de rivier de Linge. Hoeve Lingerijk wordt een fijne plek om te wonen in een landelijke omgeving. En je bent ook nog eens snel in Leerdam, Utrecht, Nieuwegein en Gorinchem!;https://cloud.funda.nl/valentina_media/189/924/461_1440x960.jpg 1440w, https://cloud.funda.nl/valentina_media/189/924/461_180x120.jpg 180w, https://cloud.funda.nl/valentina_media/189/924/461_360x240.jpg 360w, https://cloud.funda.nl/valentina_media/189/924/461_720x480.jpg 720w, https://cloud.funda.nl/valentina_media/189/924/461_1080x720.jpg 1080w, https://cloud.funda.nl/valentina_media/189/924/461_2160x1440.jpg 2160w, https://cloud.funda.nl/valentina_media/189/924/465_1440x960.jpg 1440w, https://cloud.funda.nl/valentina_media/189/924/465_180x120.jpg 180w, https://cloud.funda.nl/valentina_media/189/924/465_360x240.jpg 360w, https://cloud.funda.nl/valentina_media/189/924/465_720x480.jpg 720w, https://cloud.funda.nl/valentina_media/189/924/465_1080x720.jpg 1080w, https://cloud.funda.nl/valentina_media/189/924/465_2160x1440.jpg 2160w, https://cloud.funda.nl/valentina_media/189/924/475_1440x960.jpg 1440w, https://cloud.funda.nl/valentina_media/189/924/475_180x120.jpg 180w, https://cloud.funda.nl/valentina_media/189/924/475_360x240.jpg 360w, https://cloud.funda.nl/valentina_media/189/924/475_720x480.jpg 720w, https://cloud.funda.nl/valentina_media/189/924/475_1080x720.jpg 1080w, https://cloud.funda.nl/valentina_media/189/924/475_2160x1440.jpg 2160w, https://cloud.funda.nl/valentina_media/189/924/487_1440x960.jpg 1440w, https://cloud.funda.nl/valentina_media/189/924/487_180x120.jpg 180w, https://cloud.funda.nl/valentina_media/189/924/487_360x240.jpg 360w, https://cloud.funda.nl/valentina_media/189/924/487_720x480.jpg 720w, https://cloud.funda.nl/valentina_media/189/924/487_1080x720.jpg 1080w, https://cloud.funda.nl/valentina_media/189/924/487_2160x1440.jpg 2160w;774;
https://www.funda.nl/koop/kedichem/huis-43572215-koningin-wilhelminalaan-22/;43572215;kedichem;huis;Bestaande bouw;450000;4166.7;4;3;1;108;E;4247;Koningin Wilhelminalaan 22;1960;64;"Vrijstaande bungalow met inpandige  garage  en eigen  oprit op  654 m² eigen grond.   - Veel binnen- en buitenruimte  voor diverse  mogelijkheden.  - Gelijkvloers wonen  met  leuke tuin en volop  bergruimte.  -  Geheel naar eigen wens te moderniseren en verduurzamen. - 3 slaapkamers (met mogelijkheid extra te realiseren op de zolder) & circa 108 m² woonoppervlak.  Zodra je binnenstapt in deze verzorgde woning komt het daglicht je tegemoet. Door de grote raampartijen die uitzicht bieden op een met liefde onderhouden tuin, waar het groen zelden ophoudt te verrassen, voelt elk seizoen als lente. De woonkamer, voorzien van een sfeervolle houthaard, biedt een knusse hoek om de dag af te sluiten. Het gelijkvloerse wonen zorgt voor de perfecte basis met aanwezigheid van 3 slaapkamers, maar er zijn volop mogelijkheden deze uit te breiden middels de zolder daarbij te betrekken. De inpandige garage en ruime bijkeuken zorgen voor volop bergruimte en/of gelegenheid om te klussen aan huis, als ook voor het stallen van de auto, motorfiets e.d. De woning is in de jaren keurig onderhouden en zoekt nu een liefhebber die het geheel naar deze tijd transformeert. Enthousiast geworden? Neem dan contact op voor het inplannen van een kennismaking.  Globale indeling:  Begane grond: entree; hal met garderobe, meterkast en toegang tot alle vertrekken; de 3 slaapkamers, allen voorzien van inbouwkasten; compacte badkamer met douche en wastafel; woonkamer met houthaard; open keuken in hoekopstelling met inbouwkast, 4-pits kookplaat, afzuigkap, combi-oven, koelkast, spoelbak, vaatwasser en toegang tot de bijkeuken; ruime bijkeuken voorzien van witgoed aansluitingen, bergruimte, deur naar de tuin en doorloop naar de garage. Zowel boven de bijkeuken als de garage is een bergzolder aanwezig.  Zolder: bereikbaar middels vlizotrap in de gang; royale, open ruimte welke veel mogelijkheden biedt. Thans fungerend als bergruimte met opstelling cv-ketel en kantoorruime, maar middels aanpassingen is het creëren van meer woonruimte niet ondenkbaar.  Tuin: De tuin is rondom de wonen gelegen, thans ingericht met diverse groenvoorzieningen, een gazon, moestuin, vrijstaande houten berging, een terras en een oprit.  Goed om te weten: - Gebouwd in 1966, deels geïsoleerd en voorzien van energielabel E. - Aanwezigheid van rolluiken. - Er zijn eternit plafondplaten aanwezig in de garage en bijkeuken, alsmede is er asbesthoudend materiaal gebruikt als afzetting in de (moes)tuin.  Ligging: Kedichem ligt in het groene hart van Nederland, op circa 30 minuten rijden van Utrecht, ’s-Hertogenbosch en Rotterdam. Een afwisselend landschap van weilanden, boomgaarden, grienden en rietvelden omringt het dorp. Deze bij uitstek geschikte omgeving voor rustzoekers maakt deel uit van de Vijfheerenlanden. Tussen het uitbundige groen kronkelt de Linge, omzoomd door vaak prachtige uiterwaarden. Hoe je het Kedichemse land ook verkent, te voet, op de fiets, met de auto of per boot, je zult steeds weer bijzondere plekjes ontdekken, waarvan je niet wist dat ze nog bestonden. Het meest geniet je natuurlijk van de natuur en het landschap als je er doorheen wandelt of fietst. Kedichem is een rustig dorpje wat ca. 1.100 inwoners telt, maar kent een rijk verenigingsleven voor diegene die daar behoefte aan heeft. In het dorpshuis worden wekelijks activiteiten als gymnastiek, biljart of darts georganiseerd. In Kedichem is een openbare basisschool aanwezig. Ook in de nabijgelegen plaatsen Leerdam en Gorinchem is er keuze uit diverse basisscholen. Tevens bieden deze plaatsen een ruim aanbod in voorgezet onderwijs. Daarnaast heeft Kedichem een tennisbaan voor gebruik van de lokale tennisvereniging, en een voor iedereen vrij toegankelijk voetbalveld. In de wintermaanden worden bij vrieskou de tennisbaan en het voetbalveld omgetoverd in een sfeervolle schaatsbaan. In de haven is het mogelijk een ligplaats te huren. Daarnaast is er voor kinderen een grote speelboomgaard in de kern van het dorp.";https://cloud.funda.nl/valentina_media/189/707/671_1440x960.jpg 1440w, https://cloud.funda.nl/valentina_media/189/707/671_180x120.jpg 180w, https://cloud.funda.nl/valentina_media/189/707/671_360x240.jpg 360w, https://cloud.funda.nl/valentina_media/189/707/671_720x480.jpg 720w, https://cloud.funda.nl/valentina_media/189/707/671_1080x720.jpg 1080w, https://cloud.funda.nl/valentina_media/189/707/671_2160x1440.jpg 2160w, https://cloud.funda.nl/valentina_media/189/707/678_1440x960.jpg 1440w, https://cloud.funda.nl/valentina_media/189/707/678_180x120.jpg 180w, https://cloud.funda.nl/valentina_media/189/707/678_360x240.jpg 360w, https://cloud.funda.nl/valentina_media/189/707/678_720x480.jpg 720w, https://cloud.funda.nl/valentina_media/189/707/678_1080x720.jpg 1080w, https://cloud.funda.nl/valentina_media/189/707/678_2160x1440.jpg 2160w, https://cloud.funda.nl/valentina_media/189/707/674_1440x960.jpg 1440w, https://cloud.funda.nl/valentina_media/189/707/674_180x120.jpg 180w, https://cloud.funda.nl/valentina_media/189/707/674_360x240.jpg 360w, https://cloud.funda.nl/valentina_media/189/707/674_720x480.jpg 720w, https://cloud.funda.nl/valentina_media/189/707/674_1080x720.jpg 1080w, https://cloud.funda.nl/valentina_media/189/707/674_2160x1440.jpg 2160w, https://cloud.funda.nl/valentina_media/189/707/677_1440x960.jpg 1440w, https://cloud.funda.nl/valentina_media/189/707/677_180x120.jpg 180w, https://cloud.funda.nl/valentina_media/189/707/677_360x240.jpg 360w, https://cloud.funda.nl/valentina_media/189/707/677_720x480.jpg 720w, https://cloud.funda.nl/valentina_media/189/707/677_1080x720.jpg 1080w, https://cloud.funda.nl/valentina_media/189/707/677_2160x1440.jpg 2160w, https://cloud.funda.nl/valentina_media/189/707/681_1440x960.jpg 1440w, https://cloud.funda.nl/valentina_media/189/707/681_180x120.jpg 180w, https://cloud.funda.nl/valentina_media/189/707/681_360x240.jpg 360w, https://cloud.funda.nl/valentina_media/189/707/681_720x480.jpg 720w, https://cloud.funda.nl/valentina_media/189/707/681_1080x720.jpg 1080w, https://cloud.funda.nl/valentina_media/189/707/681_2160x1440.jpg 2160w, https://cloud.funda.nl/valentina_media/189/707/680_1440x960.jpg 1440w, https://cloud.funda.nl/valentina_media/189/707/680_180x120.jpg 180w, https://cloud.funda.nl/valentina_media/189/707/680_360x240.jpg 360w, https://cloud.funda.nl/valentina_media/189/707/680_720x480.jpg 720w, https://cloud.funda.nl/valentina_media/189/707/680_1080x720.jpg 1080w, https://cloud.funda.nl/valentina_media/189/707/680_2160x1440.jpg 2160w, https://cloud.funda.nl/valentina_media/189/707/679_1440x960.jpg 1440w, https://cloud.funda.nl/valentina_media/189/707/679_180x120.jpg 180w, https://cloud.funda.nl/valentina_media/189/707/679_360x240.jpg 360w, https://cloud.funda.nl/valentina_media/189/707/679_720x480.jpg 720w, https://cloud.funda.nl/valentina_media/189/707/679_1080x720.jpg 1080w, https://cloud.funda.nl/valentina_media/189/707/679_2160x1440.jpg 2160w, https://cloud.funda.nl/valentina_media/189/707/682_1440x960.jpg 1440w, https://cloud.funda.nl/valentina_media/189/707/682_180x120.jpg 180w, https://cloud.funda.nl/valentina_media/189/707/682_360x240.jpg 360w, https://cloud.funda.nl/valentina_media/189/707/682_720x480.jpg 720w, https://cloud.funda.nl/valentina_media/189/707/682_1080x720.jpg 1080w, https://cloud.funda.nl/valentina_media/189/707/682_2160x1440.jpg 2160w, https://cloud.funda.nl/valentina_media/189/707/683_1440x960.jpg 1440w, https://cloud.funda.nl/valentina_media/189/707/683_180x120.jpg 180w, https://cloud.funda.nl/valentina_media/189/707/683_360x240.jpg 360w, https://cloud.funda.nl/valentina_media/189/707/683_720x480.jpg 720w, https://cloud.funda.nl/valentina_media/189/707/683_1080x720.jpg 1080w, https://cloud.funda.nl/valentina_media/189/707/683_2160x1440.jpg 2160w, https://cloud.funda.nl/valentina_media/189/707/684_1440x960.jpg 1440w, https://cloud.funda.nl/valentina_media/189/707/684_180x120.jpg 180w, https://cloud.funda.nl/valentina_media/189/707/684_360x240.jpg 360w, https://cloud.funda.nl/valentina_media/189/707/684_720x480.jpg 720w, https://cloud.funda.nl/valentina_media/189/707/684_1080x720.jpg 1080w, https://cloud.funda.nl/valentina_media/189/707/684_2160x1440.jpg 2160w, https://cloud.funda.nl/valentina_media/189/707/685_1440x960.jpg 1440w, https://cloud.funda.nl/valentina_media/189/707/685_180x120.jpg 180w, https://cloud.funda.nl/valentina_media/189/707/685_360x240.jpg 360w, https://cloud.funda.nl/valentina_media/189/707/685_720x480.jpg 720w, https://cloud.funda.nl/valentina_media/189/707/685_1080x720.jpg 1080w, https://cloud.funda.nl/valentina_media/189/707/685_2160x1440.jpg 2160w, https://cloud.funda.nl/valentina_media/189/707/686_1440x960.jpg 1440w, https://cloud.funda.nl/valentina_media/189/707/686_180x120.jpg 180w, https://cloud.funda.nl/valentina_media/189/707/686_360x240.jpg 360w, https://cloud.funda.nl/valentina_media/189/707/686_720x480.jpg 720w, https://cloud.funda.nl/valentina_media/189/707/686_1080x720.jpg 1080w, https://cloud.funda.nl/valentina_media/189/707/686_2160x1440.jpg 2160w, https://cloud.funda.nl/valentina_media/189/707/688_1440x960.jpg 1440w, https://cloud.funda.nl/valentina_media/189/707/688_180x120.jpg 180w, https://cloud.funda.nl/valentina_media/189/707/688_360x240.jpg 360w, https://cloud.funda.nl/valentina_media/189/707/688_720x480.jpg 720w, https://cloud.funda.nl/valentina_media/189/707/688_1080x720.jpg 1080w, https://cloud.funda.nl/valentina_media/189/707/688_2160x1440.jpg 2160w, https://cloud.funda.nl/valentina_media/189/707/689_1440x960.jpg 1440w, https://cloud.funda.nl/valentina_media/189/707/689_180x120.jpg 180w, https://cloud.funda.nl/valentina_media/189/707/689_360x240.jpg 360w, https://cloud.funda.nl/valentina_media/189/707/689_720x480.jpg 720w, https://cloud.funda.nl/valentina_media/189/707/689_1080x720.jpg 1080w, https://cloud.funda.nl/valentina_media/189/707/689_2160x1440.jpg 2160w, https://cloud.funda.nl/valentina_media/189/707/691_1440x960.jpg 1440w, https://cloud.funda.nl/valentina_media/189/707/691_180x120.jpg 180w, https://cloud.funda.nl/valentina_media/189/707/691_360x240.jpg 360w, https://cloud.funda.nl/valentina_media/189/707/691_720x480.jpg 720w, https://cloud.funda.nl/valentina_media/189/707/691_1080x720.jpg 1080w, https://cloud.funda.nl/valentina_media/189/707/691_2160x1440.jpg 2160w, https://cloud.funda.nl/valentina_media/189/707/694_1440x960.jpg 1440w, https://cloud.funda.nl/valentina_media/189/707/694_180x120.jpg 180w, https://cloud.funda.nl/valentina_media/189/707/694_360x240.jpg 360w, https://cloud.funda.nl/valentina_media/189/707/694_720x480.jpg 720w, https://cloud.funda.nl/valentina_media/189/707/694_1080x720.jpg 1080w, https://cloud.funda.nl/valentina_media/189/707/694_2160x1440.jpg 2160w, https://cloud.funda.nl/valentina_media/189/707/695_1440x960.jpg 1440w, https://cloud.funda.nl/valentina_media/189/707/695_180x120.jpg 180w, https://cloud.funda.nl/valentina_media/189/707/695_360x240.jpg 360w, https://cloud.funda.nl/valentina_media/189/707/695_720x480.jpg 720w, https://cloud.funda.nl/valentina_media/189/707/695_1080x720.jpg 1080w, https://cloud.funda.nl/valentina_media/189/707/695_2160x1440.jpg 2160w, https://cloud.funda.nl/valentina_media/189/707/696_1440x960.jpg 1440w, https://cloud.funda.nl/valentina_media/189/707/696_180x120.jpg 180w, https://cloud.funda.nl/valentina_media/189/707/696_360x240.jpg 360w, https://cloud.funda.nl/valentina_media/189/707/696_720x480.jpg 720w, https://cloud.funda.nl/valentina_media/189/707/696_1080x720.jpg 1080w, https://cloud.funda.nl/valentina_media/189/707/696_2160x1440.jpg 2160w, https://cloud.funda.nl/valentina_media/189/707/705_1440x960.jpg 1440w, https://cloud.funda.nl/valentina_media/189/707/705_180x120.jpg 180w, https://cloud.funda.nl/valentina_media/189/707/705_360x240.jpg 360w, https://cloud.funda.nl/valentina_media/189/707/705_720x480.jpg 720w, https://cloud.funda.nl/valentina_media/189/707/705_1080x720.jpg 1080w, https://cloud.funda.nl/valentina_media/189/707/705_2160x1440.jpg 2160w, https://cloud.funda.nl/valentina_media/189/707/697_1440x960.jpg 1440w, https://cloud.funda.nl/valentina_media/189/707/697_180x120.jpg 180w, https://cloud.funda.nl/valentina_media/189/707/697_360x240.jpg 360w, https://cloud.funda.nl/valentina_media/189/707/697_720x480.jpg 720w, https://cloud.funda.nl/valentina_media/189/707/697_1080x720.jpg 1080w, https://cloud.funda.nl/valentina_media/189/707/697_2160x1440.jpg 2160w, https://cloud.funda.nl/valentina_media/189/707/699_1440x960.jpg 1440w, https://cloud.funda.nl/valentina_media/189/707/699_180x120.jpg 180w, https://cloud.funda.nl/valentina_media/189/707/699_360x240.jpg 360w, https://cloud.funda.nl/valentina_media/189/707/699_720x480.jpg 720w, https://cloud.funda.nl/valentina_media/189/707/699_1080x720.jpg 1080w, https://cloud.funda.nl/valentina_media/189/707/699_2160x1440.jpg 2160w, https://cloud.funda.nl/valentina_media/189/707/701_1440x960.jpg 1440w, https://cloud.funda.nl/valentina_media/189/707/701_180x120.jpg 180w, https://cloud.funda.nl/valentina_media/189/707/701_360x240.jpg 360w, https://cloud.funda.nl/valentina_media/189/707/701_720x480.jpg 720w, https://cloud.funda.nl/valentina_media/189/707/701_1080x720.jpg 1080w, https://cloud.funda.nl/valentina_media/189/707/701_2160x1440.jpg 2160w, https://cloud.funda.nl/valentina_media/189/707/704_1440x960.jpg 1440w, https://cloud.funda.nl/valentina_media/189/707/704_180x120.jpg 180w, https://cloud.funda.nl/valentina_media/189/707/704_360x240.jpg 360w, https://cloud.funda.nl/valentina_media/189/707/704_720x480.jpg 720w, https://cloud.funda.nl/valentina_media/189/707/704_1080x720.jpg 1080w, https://cloud.funda.nl/valentina_media/189/707/704_2160x1440.jpg 2160w, https://cloud.funda.nl/valentina_media/189/707/707_1440x960.jpg 1440w, https://cloud.funda.nl/valentina_media/189/707/707_180x120.jpg 180w, https://cloud.funda.nl/valentina_media/189/707/707_360x240.jpg 360w, https://cloud.funda.nl/valentina_media/189/707/707_720x480.jpg 720w, https://cloud.funda.nl/valentina_media/189/707/707_1080x720.jpg 1080w, https://cloud.funda.nl/valentina_media/189/707/707_2160x1440.jpg 2160w, https://cloud.funda.nl/valentina_media/189/707/703_1440x960.jpg 1440w, https://cloud.funda.nl/valentina_media/189/707/703_180x120.jpg 180w, https://cloud.funda.nl/valentina_media/189/707/703_360x240.jpg 360w, https://cloud.funda.nl/valentina_media/189/707/703_720x480.jpg 720w, https://cloud.funda.nl/valentina_media/189/707/703_1080x720.jpg 1080w, https://cloud.funda.nl/valentina_media/189/707/703_2160x1440.jpg 2160w, https://cloud.funda.nl/valentina_media/189/707/706_1440x960.jpg 1440w, https://cloud.funda.nl/valentina_media/189/707/706_180x120.jpg 180w, https://cloud.funda.nl/valentina_media/189/707/706_360x240.jpg 360w, https://cloud.funda.nl/valentina_media/189/707/706_720x480.jpg 720w, https://cloud.funda.nl/valentina_media/189/707/706_1080x720.jpg 1080w, https://cloud.funda.nl/valentina_media/189/707/706_2160x1440.jpg 2160w, https://cloud.funda.nl/valentina_media/189/707/708_1440x960.jpg 1440w, https://cloud.funda.nl/valentina_media/189/707/708_180x120.jpg 180w, https://cloud.funda.nl/valentina_media/189/707/708_360x240.jpg 360w, https://cloud.funda.nl/valentina_media/189/707/708_720x480.jpg 720w, https://cloud.funda.nl/valentina_media/189/707/708_1080x720.jpg 1080w, https://cloud.funda.nl/valentina_media/189/707/708_2160x1440.jpg 2160w, https://cloud.funda.nl/valentina_media/189/707/726_1440x960.jpg 1440w, https://cloud.funda.nl/valentina_media/189/707/726_180x120.jpg 180w, https://cloud.funda.nl/valentina_media/189/707/726_360x240.jpg 360w, https://cloud.funda.nl/valentina_media/189/707/726_720x480.jpg 720w, https://cloud.funda.nl/valentina_media/189/707/726_1080x720.jpg 1080w, https://cloud.funda.nl/valentina_media/189/707/726_2160x1440.jpg 2160w, https://cloud.funda.nl/valentina_media/189/707/709_1440x960.jpg 1440w, https://cloud.funda.nl/valentina_media/189/707/709_180x120.jpg 180w, https://cloud.funda.nl/valentina_media/189/707/709_360x240.jpg 360w, https://cloud.funda.nl/valentina_media/189/707/709_720x480.jpg 720w, https://cloud.funda.nl/valentina_media/189/707/709_1080x720.jpg 1080w, https://cloud.funda.nl/valentina_media/189/707/709_2160x1440.jpg 2160w, https://cloud.funda.nl/valentina_media/189/707/713_1440x960.jpg 1440w, https://cloud.funda.nl/valentina_media/189/707/713_180x120.jpg 180w, https://cloud.funda.nl/valentina_media/189/707/713_360x240.jpg 360w, https://cloud.funda.nl/valentina_media/189/707/713_720x480.jpg 720w, https://cloud.funda.nl/valentina_media/189/707/713_1080x720.jpg 1080w, https://cloud.funda.nl/valentina_media/189/707/713_2160x1440.jpg 2160w, https://cloud.funda.nl/valentina_media/189/707/747_1440x960.jpg 1440w, https://cloud.funda.nl/valentina_media/189/707/747_180x120.jpg 180w, https://cloud.funda.nl/valentina_media/189/707/747_360x240.jpg 360w, https://cloud.funda.nl/valentina_media/189/707/747_720x480.jpg 720w, https://cloud.funda.nl/valentina_media/189/707/747_1080x720.jpg 1080w, https://cloud.funda.nl/valentina_media/189/707/747_2160x1440.jpg 2160w, https://cloud.funda.nl/valentina_media/189/707/710_1440x960.jpg 1440w, https://cloud.funda.nl/valentina_media/189/707/710_180x120.jpg 180w, https://cloud.funda.nl/valentina_media/189/707/710_360x240.jpg 360w, https://cloud.funda.nl/valentina_media/189/707/710_720x480.jpg 720w, https://cloud.funda.nl/valentina_media/189/707/710_1080x720.jpg 1080w, https://cloud.funda.nl/valentina_media/189/707/710_2160x1440.jpg 2160w, https://cloud.funda.nl/valentina_media/189/707/727_1440x960.jpg 1440w, https://cloud.funda.nl/valentina_media/189/707/727_180x120.jpg 180w, https://cloud.funda.nl/valentina_media/189/707/727_360x240.jpg 360w, https://cloud.funda.nl/valentina_media/189/707/727_720x480.jpg 720w, https://cloud.funda.nl/valentina_media/189/707/727_1080x720.jpg 1080w, https://cloud.funda.nl/valentina_media/189/707/727_2160x1440.jpg 2160w, https://cloud.funda.nl/valentina_media/189/707/728_1440x960.jpg 1440w, https://cloud.funda.nl/valentina_media/189/707/728_180x120.jpg 180w, https://cloud.funda.nl/valentina_media/189/707/728_360x240.jpg 360w, https://cloud.funda.nl/valentina_media/189/707/728_720x480.jpg 720w, https://cloud.funda.nl/valentina_media/189/707/728_1080x720.jpg 1080w, https://cloud.funda.nl/valentina_media/189/707/728_2160x1440.jpg 2160w, https://cloud.funda.nl/valentina_media/189/707/732_1440x960.jpg 1440w, https://cloud.funda.nl/valentina_media/189/707/732_180x120.jpg 180w, https://cloud.funda.nl/valentina_media/189/707/732_360x240.jpg 360w, https://cloud.funda.nl/valentina_media/189/707/732_720x480.jpg 720w, https://cloud.funda.nl/valentina_media/189/707/732_1080x720.jpg 1080w, https://cloud.funda.nl/valentina_media/189/707/732_2160x1440.jpg 2160w, https://cloud.funda.nl/valentina_media/189/707/733_1440x960.jpg 1440w, https://cloud.funda.nl/valentina_media/189/707/733_180x120.jpg 180w, https://cloud.funda.nl/valentina_media/189/707/733_360x240.jpg 360w, https://cloud.funda.nl/valentina_media/189/707/733_720x480.jpg 720w, https://cloud.funda.nl/valentina_media/189/707/733_1080x720.jpg 1080w, https://cloud.funda.nl/valentina_media/189/707/733_2160x1440.jpg 2160w, https://cloud.funda.nl/valentina_media/189/707/729_1440x960.jpg 1440w, https://cloud.funda.nl/valentina_media/189/707/729_180x120.jpg 180w, https://cloud.funda.nl/valentina_media/189/707/729_360x240.jpg 360w, https://cloud.funda.nl/valentina_media/189/707/729_720x480.jpg 720w, https://cloud.funda.nl/valentina_media/189/707/729_1080x720.jpg 1080w, https://cloud.funda.nl/valentina_media/189/707/729_2160x1440.jpg 2160w;1301;32508.0
https://www.funda.nl/koop/kedichem/huis-42271373-tiendweg-4/;42271373;kedichem;huis;Bestaande bouw;895000;5593.8;5;4;1;160;na;4247;Tiendweg 4;1985;39;Stap binnen in  een  uniek stukje  paradijs, perfect  voor paardenliefhebbers, genesteld in  het  hart van Nederland, provincie Utrecht.  Dit prachtige  paardendomein,  gebouwd in 1985,  strekt  zich  uit  over  1,68ha eigen grond, omgeven  door betoverende natuurlijke schoonheid en genietend van een adembenemend vrij uitzicht. Rust en privacy worden gegarandeerd door de ligging aan een stille weg. De woning heeft 3 slaapkamers met nog een extra slaapkamer mogelijkheid op de begane grond, woonkeuken, woonkamer met eetgedeelte, badkamer en bergzolder. Een rijbaan van 20x40m., nieuwe paardenstal met 3 stallen, dubbele bergruimte met bergzolder en keukengedeelte en ruime weidegang voor de paarden.  De woning, voorzien van dubbele beglazing en een Remeha C.V. HR combiketel uit 2016, verwelkomt u met een warme en uitnodigende sfeer. Het groene tapijt van de tuin strekt zich rondom het huis uit, waardoor een kalmerende verbinding met de natuur wordt gecreëerd.  De begane grond biedt een ruime woonkeuken, een sfeervolle woonkamer en een veelzijdige werkkamer die ook als slaapkamer kan dienen. Een spekstenen houtkachel in de woonkamer biedt gezellige warmte voor die koude winterdagen.  Betreed de eerste verdieping via een vaste houten trap (onder de trap is een ruime bergruimte aanwezig), waar u een badkamer met ligbad met douche en wastafel vindt, evenals een witgoedaansluiting. Drie slaapkamers, waaronder de master bedroom met airconditioning, zijn bereikbaar via de overloop. De master bedroom heeft ook een prachtig zicht op de paardenstal, buitenrijbaan en weides. De master bedroom is evens voorzien van een kastenwand met schuifwanden en aan de andere zijde knieschotten. Slaapkamer II en III zijn gelegen aan de voorzijde van de woning. Slaapkamer III is via slaapkamer II te bereiken. In slaapkamer II is de vlizotrap aanwezig voor de toegang tot de bergzolder.  Het terrein achter de woning, van ca. 600m2, is volledig nieuw bestraat met betonklinkers en biedt ruime parkeergelegenheid voor trailers, vrachtwagen en auto's.  Een recent gebouwde (juni 2020) paardenstal van 22 x 5m is voorzien van alle gemakken, waaronder een betonnen vloer, onderheide fundering, kitchenette met elektrische verwarming, dubbele bergingsruimte met bergzolder en drie stallen.  De buitenrijbaan van 20x40m., omheind met hardhouten hekwerk, heeft een professionele, gedraineerde bodem en ledverlichting. Daarnaast biedt ruim 1 hectare aan grasland, gelegen links van de woning en achter de rijbaan, ruimte voor uw paarden om vrij te grazen.  Bijkomende voordelen van deze woning zijn o.a. glasvezelconnectiviteit, geen asbest of erfdienstbaarheden, een eigen waterbron van ca. 13m diep, en een goedgekeurd bouwplan voor een garage.  Dit unieke pand biedt een ongeëvenaarde kans voor liefhebbers van het landelijke leven en paardenliefhebbers om hun droom werkelijkheid te maken. Wees de eerste om deze bijzondere woning te ontdekken en maak vandaag nog een afspraak!  Bestemming: Enkelbestemming wonen en Enkelbestemming Agrarisch met waarden. De mogelijkheid bestaat om de boerderij met minder grond te kopen.  Bijzonderheden: -	Glasvezel -	Geen asbest -	Geen erfdienstbaarheden -	Paardenstal Prubo, gebouwd in juni 2020 -	Mestplaat aanwezig van Stelcon platen -	Nieuwe buitenrijbaan met professionele bodem Stabon (Granulight / zand / toplaag v.v. XP4-vezel) -	3 Cowi lichtmasten van 8m. hoog met ledlampen (27.000 lumen) -	Bovengrondse propaangastank -	Bron ca. 13m. aanwezig -	Meterkast staat aan de dijk -	Goedgekeurd bouwplan voor een garage -	Nieuwe bestrating (oktober 2022) van ca. 600m2, betonklinkers;https://cloud.funda.nl/valentina_media/177/682/619_1440x960.jpg 1440w, https://cloud.funda.nl/valentina_media/177/682/619_180x120.jpg 180w, https://cloud.funda.nl/valentina_media/177/682/619_360x240.jpg 360w, https://cloud.funda.nl/valentina_media/177/682/619_720x480.jpg 720w, https://cloud.funda.nl/valentina_media/177/682/619_1080x720.jpg 1080w, https://cloud.funda.nl/valentina_media/177/682/619_2160x1440.jpg 2160w, https://cloud.funda.nl/valentina_media/177/682/627_1440x960.jpg 1440w, https://cloud.funda.nl/valentina_media/177/682/627_180x120.jpg 180w, https://cloud.funda.nl/valentina_media/177/682/627_360x240.jpg 360w, https://cloud.funda.nl/valentina_media/177/682/627_720x480.jpg 720w, https://cloud.funda.nl/valentina_media/177/682/627_1080x720.jpg 1080w, https://cloud.funda.nl/valentina_media/177/682/627_2160x1440.jpg 2160w, https://cloud.funda.nl/valentina_media/177/682/626_1440x960.jpg 1440w, https://cloud.funda.nl/valentina_media/177/682/626_180x120.jpg 180w, https://cloud.funda.nl/valentina_media/177/682/626_360x240.jpg 360w, https://cloud.funda.nl/valentina_media/177/682/626_720x480.jpg 720w, https://cloud.funda.nl/valentina_media/177/682/626_1080x720.jpg 1080w, https://cloud.funda.nl/valentina_media/177/682/626_2160x1440.jpg 2160w, https://cloud.funda.nl/valentina_media/177/682/635_1440x960.jpg 1440w, https://cloud.funda.nl/valentina_media/177/682/635_180x120.jpg 180w, https://cloud.funda.nl/valentina_media/177/682/635_360x240.jpg 360w, https://cloud.funda.nl/valentina_media/177/682/635_720x480.jpg 720w, https://cloud.funda.nl/valentina_media/177/682/635_1080x720.jpg 1080w, https://cloud.funda.nl/valentina_media/177/682/635_2160x1440.jpg 2160w, https://cloud.funda.nl/valentina_media/177/682/625_1440x960.jpg 1440w, https://cloud.funda.nl/valentina_media/177/682/625_180x120.jpg 180w, https://cloud.funda.nl/valentina_media/177/682/625_360x240.jpg 360w, https://cloud.funda.nl/valentina_media/177/682/625_720x480.jpg 720w, https://cloud.funda.nl/valentina_media/177/682/625_1080x720.jpg 1080w, https://cloud.funda.nl/valentina_media/177/682/625_2160x1440.jpg 2160w, https://cloud.funda.nl/valentina_media/177/682/628_1440x960.jpg 1440w, https://cloud.funda.nl/valentina_media/177/682/628_180x120.jpg 180w, https://cloud.funda.nl/valentina_media/177/682/628_360x240.jpg 360w, https://cloud.funda.nl/valentina_media/177/682/628_720x480.jpg 720w, https://cloud.funda.nl/valentina_media/177/682/628_1080x720.jpg 1080w, https://cloud.funda.nl/valentina_media/177/682/628_2160x1440.jpg 2160w, https://cloud.funda.nl/valentina_media/177/682/629_1440x960.jpg 1440w, https://cloud.funda.nl/valentina_media/177/682/629_180x120.jpg 180w, https://cloud.funda.nl/valentina_media/177/682/629_360x240.jpg 360w, https://cloud.funda.nl/valentina_media/177/682/629_720x480.jpg 720w, https://cloud.funda.nl/valentina_media/177/682/629_1080x720.jpg 1080w, https://cloud.funda.nl/valentina_media/177/682/629_2160x1440.jpg 2160w, https://cloud.funda.nl/valentina_media/177/682/630_1440x960.jpg 1440w, https://cloud.funda.nl/valentina_media/177/682/630_180x120.jpg 180w, https://cloud.funda.nl/valentina_media/177/682/630_360x240.jpg 360w, https://cloud.funda.nl/valentina_media/177/682/630_720x480.jpg 720w, https://cloud.funda.nl/valentina_media/177/682/630_1080x720.jpg 1080w, https://cloud.funda.nl/valentina_media/177/682/630_2160x1440.jpg 2160w, https://cloud.funda.nl/valentina_media/177/682/632_1440x960.jpg 1440w, https://cloud.funda.nl/valentina_media/177/682/632_180x120.jpg 180w, https://cloud.funda.nl/valentina_media/177/682/632_360x240.jpg 360w, https://cloud.funda.nl/valentina_media/177/682/632_720x480.jpg 720w, https://cloud.funda.nl/valentina_media/177/682/632_1080x720.jpg 1080w, https://cloud.funda.nl/valentina_media/177/682/632_2160x1440.jpg 2160w, https://cloud.funda.nl/valentina_media/177/682/633_1440x960.jpg 1440w, https://cloud.funda.nl/valentina_media/177/682/633_180x120.jpg 180w, https://cloud.funda.nl/valentina_media/177/682/633_360x240.jpg 360w, https://cloud.funda.nl/valentina_media/177/682/633_720x480.jpg 720w, https://cloud.funda.nl/valentina_media/177/682/633_1080x720.jpg 1080w, https://cloud.funda.nl/valentina_media/177/682/633_2160x1440.jpg 2160w, https://cloud.funda.nl/valentina_media/177/682/634_1440x960.jpg 1440w, https://cloud.funda.nl/valentina_media/177/682/634_180x120.jpg 180w, https://cloud.funda.nl/valentina_media/177/682/634_360x240.jpg 360w, https://cloud.funda.nl/valentina_media/177/682/634_720x480.jpg 720w, https://cloud.funda.nl/valentina_media/177/682/634_1080x720.jpg 1080w, https://cloud.funda.nl/valentina_media/177/682/634_2160x1440.jpg 2160w, https://cloud.funda.nl/valentina_media/177/682/631_1440x960.jpg 1440w, https://cloud.funda.nl/valentina_media/177/682/631_180x120.jpg 180w, https://cloud.funda.nl/valentina_media/177/682/631_360x240.jpg 360w, https://cloud.funda.nl/valentina_media/177/682/631_720x480.jpg 720w, https://cloud.funda.nl/valentina_media/177/682/631_1080x720.jpg 1080w, https://cloud.funda.nl/valentina_media/177/682/631_2160x1440.jpg 2160w, https://cloud.funda.nl/valentina_media/177/682/636_1440x960.jpg 1440w, https://cloud.funda.nl/valentina_media/177/682/636_180x120.jpg 180w, https://cloud.funda.nl/valentina_media/177/682/636_360x240.jpg 360w, https://cloud.funda.nl/valentina_media/177/682/636_720x480.jpg 720w, https://cloud.funda.nl/valentina_media/177/682/636_1080x720.jpg 1080w, https://cloud.funda.nl/valentina_media/177/682/636_2160x1440.jpg 2160w, https://cloud.funda.nl/valentina_media/177/682/637_1440x960.jpg 1440w, https://cloud.funda.nl/valentina_media/177/682/637_180x120.jpg 180w, https://cloud.funda.nl/valentina_media/177/682/637_360x240.jpg 360w, https://cloud.funda.nl/valentina_media/177/682/637_720x480.jpg 720w, https://cloud.funda.nl/valentina_media/177/682/637_1080x720.jpg 1080w, https://cloud.funda.nl/valentina_media/177/682/637_2160x1440.jpg 2160w, https://cloud.funda.nl/valentina_media/177/682/640_1440x960.jpg 1440w, https://cloud.funda.nl/valentina_media/177/682/640_180x120.jpg 180w, https://cloud.funda.nl/valentina_media/177/682/640_360x240.jpg 360w, https://cloud.funda.nl/valentina_media/177/682/640_720x480.jpg 720w, https://cloud.funda.nl/valentina_media/177/682/640_1080x720.jpg 1080w, https://cloud.funda.nl/valentina_media/177/682/640_2160x1440.jpg 2160w, https://cloud.funda.nl/valentina_media/177/682/638_1440x960.jpg 1440w, https://cloud.funda.nl/valentina_media/177/682/638_180x120.jpg 180w, https://cloud.funda.nl/valentina_media/177/682/638_360x240.jpg 360w, https://cloud.funda.nl/valentina_media/177/682/638_720x480.jpg 720w, https://cloud.funda.nl/valentina_media/177/682/638_1080x720.jpg 1080w, https://cloud.funda.nl/valentina_media/177/682/638_2160x1440.jpg 2160w, https://cloud.funda.nl/valentina_media/177/682/641_1440x960.jpg 1440w, https://cloud.funda.nl/valentina_media/177/682/641_180x120.jpg 180w, https://cloud.funda.nl/valentina_media/177/682/641_360x240.jpg 360w, https://cloud.funda.nl/valentina_media/177/682/641_720x480.jpg 720w, https://cloud.funda.nl/valentina_media/177/682/641_1080x720.jpg 1080w, https://cloud.funda.nl/valentina_media/177/682/641_2160x1440.jpg 2160w, https://cloud.funda.nl/valentina_media/177/682/642_1440x960.jpg 1440w, https://cloud.funda.nl/valentina_media/177/682/642_180x120.jpg 180w, https://cloud.funda.nl/valentina_media/177/682/642_360x240.jpg 360w, https://cloud.funda.nl/valentina_media/177/682/642_720x480.jpg 720w, https://cloud.funda.nl/valentina_media/177/682/642_1080x720.jpg 1080w, https://cloud.funda.nl/valentina_media/177/682/642_2160x1440.jpg 2160w, https://cloud.funda.nl/valentina_media/177/682/643_1440x960.jpg 1440w, https://cloud.funda.nl/valentina_media/177/682/643_180x120.jpg 180w, https://cloud.funda.nl/valentina_media/177/682/643_360x240.jpg 360w, https://cloud.funda.nl/valentina_media/177/682/643_720x480.jpg 720w, https://cloud.funda.nl/valentina_media/177/682/643_1080x720.jpg 1080w, https://cloud.funda.nl/valentina_media/177/682/643_2160x1440.jpg 2160w, https://cloud.funda.nl/valentina_media/177/682/639_1440x960.jpg 1440w, https://cloud.funda.nl/valentina_media/177/682/639_180x120.jpg 180w, https://cloud.funda.nl/valentina_media/177/682/639_360x240.jpg 360w, https://cloud.funda.nl/valentina_media/177/682/639_720x480.jpg 720w, https://cloud.funda.nl/valentina_media/177/682/639_1080x720.jpg 1080w, https://cloud.funda.nl/valentina_media/177/682/639_2160x1440.jpg 2160w, https://cloud.funda.nl/valentina_media/177/682/644_1440x960.jpg 1440w, https://cloud.funda.nl/valentina_media/177/682/644_180x120.jpg 180w, https://cloud.funda.nl/valentina_media/177/682/644_360x240.jpg 360w, https://cloud.funda.nl/valentina_media/177/682/644_720x480.jpg 720w, https://cloud.funda.nl/valentina_media/177/682/644_1080x720.jpg 1080w, https://cloud.funda.nl/valentina_media/177/682/644_2160x1440.jpg 2160w, https://cloud.funda.nl/valentina_media/177/682/645_1440x960.jpg 1440w, https://cloud.funda.nl/valentina_media/177/682/645_180x120.jpg 180w, https://cloud.funda.nl/valentina_media/177/682/645_360x240.jpg 360w, https://cloud.funda.nl/valentina_media/177/682/645_720x480.jpg 720w, https://cloud.funda.nl/valentina_media/177/682/645_1080x720.jpg 1080w, https://cloud.funda.nl/valentina_media/177/682/645_2160x1440.jpg 2160w, https://cloud.funda.nl/valentina_media/177/682/648_1440x960.jpg 1440w, https://cloud.funda.nl/valentina_media/177/682/648_180x120.jpg 180w, https://cloud.funda.nl/valentina_media/177/682/648_360x240.jpg 360w, https://cloud.funda.nl/valentina_media/177/682/648_720x480.jpg 720w, https://cloud.funda.nl/valentina_media/177/682/648_1080x720.jpg 1080w, https://cloud.funda.nl/valentina_media/177/682/648_2160x1440.jpg 2160w, https://cloud.funda.nl/valentina_media/177/682/651_1440x960.jpg 1440w, https://cloud.funda.nl/valentina_media/177/682/651_180x120.jpg 180w, https://cloud.funda.nl/valentina_media/177/682/651_360x240.jpg 360w, https://cloud.funda.nl/valentina_media/177/682/651_720x480.jpg 720w, https://cloud.funda.nl/valentina_media/177/682/651_1080x720.jpg 1080w, https://cloud.funda.nl/valentina_media/177/682/651_2160x1440.jpg 2160w, https://cloud.funda.nl/valentina_media/177/682/647_1440x960.jpg 1440w, https://cloud.funda.nl/valentina_media/177/682/647_180x120.jpg 180w, https://cloud.funda.nl/valentina_media/177/682/647_360x240.jpg 360w, https://cloud.funda.nl/valentina_media/177/682/647_720x480.jpg 720w, https://cloud.funda.nl/valentina_media/177/682/647_1080x720.jpg 1080w, https://cloud.funda.nl/valentina_media/177/682/647_2160x1440.jpg 2160w, https://cloud.funda.nl/valentina_media/177/682/646_1440x960.jpg 1440w, https://cloud.funda.nl/valentina_media/177/682/646_180x120.jpg 180w, https://cloud.funda.nl/valentina_media/177/682/646_360x240.jpg 360w, https://cloud.funda.nl/valentina_media/177/682/646_720x480.jpg 720w, https://cloud.funda.nl/valentina_media/177/682/646_1080x720.jpg 1080w, https://cloud.funda.nl/valentina_media/177/682/646_2160x1440.jpg 2160w, https://cloud.funda.nl/valentina_media/177/682/650_1440x960.jpg 1440w, https://cloud.funda.nl/valentina_media/177/682/650_180x120.jpg 180w, https://cloud.funda.nl/valentina_media/177/682/650_360x240.jpg 360w, https://cloud.funda.nl/valentina_media/177/682/650_720x480.jpg 720w, https://cloud.funda.nl/valentina_media/177/682/650_1080x720.jpg 1080w, https://cloud.funda.nl/valentina_media/177/682/650_2160x1440.jpg 2160w, https://cloud.funda.nl/valentina_media/177/682/649_1440x960.jpg 1440w, https://cloud.funda.nl/valentina_media/177/682/649_180x120.jpg 180w, https://cloud.funda.nl/valentina_media/177/682/649_360x240.jpg 360w, https://cloud.funda.nl/valentina_media/177/682/649_720x480.jpg 720w, https://cloud.funda.nl/valentina_media/177/682/649_1080x720.jpg 1080w, https://cloud.funda.nl/valentina_media/177/682/649_2160x1440.jpg 2160w, https://cloud.funda.nl/valentina_media/177/682/660_1440x960.jpg 1440w, https://cloud.funda.nl/valentina_media/177/682/660_180x120.jpg 180w, https://cloud.funda.nl/valentina_media/177/682/660_360x240.jpg 360w, https://cloud.funda.nl/valentina_media/177/682/660_720x480.jpg 720w, https://cloud.funda.nl/valentina_media/177/682/660_1080x720.jpg 1080w, https://cloud.funda.nl/valentina_media/177/682/660_2160x1440.jpg 2160w, https://cloud.funda.nl/valentina_media/177/682/652_1440x960.jpg 1440w, https://cloud.funda.nl/valentina_media/177/682/652_180x120.jpg 180w, https://cloud.funda.nl/valentina_media/177/682/652_360x240.jpg 360w, https://cloud.funda.nl/valentina_media/177/682/652_720x480.jpg 720w, https://cloud.funda.nl/valentina_media/177/682/652_1080x720.jpg 1080w, https://cloud.funda.nl/valentina_media/177/682/652_2160x1440.jpg 2160w, https://cloud.funda.nl/valentina_media/177/682/657_1440x960.jpg 1440w, https://cloud.funda.nl/valentina_media/177/682/657_180x120.jpg 180w, https://cloud.funda.nl/valentina_media/177/682/657_360x240.jpg 360w, https://cloud.funda.nl/valentina_media/177/682/657_720x480.jpg 720w, https://cloud.funda.nl/valentina_media/177/682/657_1080x720.jpg 1080w, https://cloud.funda.nl/valentina_media/177/682/657_2160x1440.jpg 2160w, https://cloud.funda.nl/valentina_media/177/682/653_1440x960.jpg 1440w, https://cloud.funda.nl/valentina_media/177/682/653_180x120.jpg 180w, https://cloud.funda.nl/valentina_media/177/682/653_360x240.jpg 360w, https://cloud.funda.nl/valentina_media/177/682/653_720x480.jpg 720w, https://cloud.funda.nl/valentina_media/177/682/653_1080x720.jpg 1080w, https://cloud.funda.nl/valentina_media/177/682/653_2160x1440.jpg 2160w, https://cloud.funda.nl/valentina_media/177/682/654_1440x960.jpg 1440w, https://cloud.funda.nl/valentina_media/177/682/654_180x120.jpg 180w, https://cloud.funda.nl/valentina_media/177/682/654_360x240.jpg 360w, https://cloud.funda.nl/valentina_media/177/682/654_720x480.jpg 720w, https://cloud.funda.nl/valentina_media/177/682/654_1080x720.jpg 1080w, https://cloud.funda.nl/valentina_media/177/682/654_2160x1440.jpg 2160w, https://cloud.funda.nl/valentina_media/177/682/655_1440x960.jpg 1440w, https://cloud.funda.nl/valentina_media/177/682/655_180x120.jpg 180w, https://cloud.funda.nl/valentina_media/177/682/655_360x240.jpg 360w, https://cloud.funda.nl/valentina_media/177/682/655_720x480.jpg 720w, https://cloud.funda.nl/valentina_media/177/682/655_1080x720.jpg 1080w, https://cloud.funda.nl/valentina_media/177/682/655_2160x1440.jpg 2160w, https://cloud.funda.nl/valentina_media/177/682/680_1440x960.jpg 1440w, https://cloud.funda.nl/valentina_media/177/682/680_180x120.jpg 180w, https://cloud.funda.nl/valentina_media/177/682/680_360x240.jpg 360w, https://cloud.funda.nl/valentina_media/177/682/680_720x480.jpg 720w, https://cloud.funda.nl/valentina_media/177/682/680_1080x720.jpg 1080w, https://cloud.funda.nl/valentina_media/177/682/680_2160x1440.jpg 2160w, https://cloud.funda.nl/valentina_media/177/682/659_1440x960.jpg 1440w, https://cloud.funda.nl/valentina_media/177/682/659_180x120.jpg 180w, https://cloud.funda.nl/valentina_media/177/682/659_360x240.jpg 360w, https://cloud.funda.nl/valentina_media/177/682/659_720x480.jpg 720w, https://cloud.funda.nl/valentina_media/177/682/659_1080x720.jpg 1080w, https://cloud.funda.nl/valentina_media/177/682/659_2160x1440.jpg 2160w, https://cloud.funda.nl/valentina_media/177/682/658_1440x960.jpg 1440w, https://cloud.funda.nl/valentina_media/177/682/658_180x120.jpg 180w, https://cloud.funda.nl/valentina_media/177/682/658_360x240.jpg 360w, https://cloud.funda.nl/valentina_media/177/682/658_720x480.jpg 720w, https://cloud.funda.nl/valentina_media/177/682/658_1080x720.jpg 1080w, https://cloud.funda.nl/valentina_media/177/682/658_2160x1440.jpg 2160w, https://cloud.funda.nl/valentina_media/177/682/656_1440x960.jpg 1440w, https://cloud.funda.nl/valentina_media/177/682/656_180x120.jpg 180w, https://cloud.funda.nl/valentina_media/177/682/656_360x240.jpg 360w, https://cloud.funda.nl/valentina_media/177/682/656_720x480.jpg 720w, https://cloud.funda.nl/valentina_media/177/682/656_1080x720.jpg 1080w, https://cloud.funda.nl/valentina_media/177/682/656_2160x1440.jpg 2160w, https://cloud.funda.nl/valentina_media/177/682/665_1440x960.jpg 1440w, https://cloud.funda.nl/valentina_media/177/682/665_180x120.jpg 180w, https://cloud.funda.nl/valentina_media/177/682/665_360x240.jpg 360w, https://cloud.funda.nl/valentina_media/177/682/665_720x480.jpg 720w, https://cloud.funda.nl/valentina_media/177/682/665_1080x720.jpg 1080w, https://cloud.funda.nl/valentina_media/177/682/665_2160x1440.jpg 2160w, https://cloud.funda.nl/valentina_media/177/682/664_1440x960.jpg 1440w, https://cloud.funda.nl/valentina_media/177/682/664_180x120.jpg 180w, https://cloud.funda.nl/valentina_media/177/682/664_360x240.jpg 360w, https://cloud.funda.nl/valentina_media/177/682/664_720x480.jpg 720w, https://cloud.funda.nl/valentina_media/177/682/664_1080x720.jpg 1080w, https://cloud.funda.nl/valentina_media/177/682/664_2160x1440.jpg 2160w, https://cloud.funda.nl/valentina_media/177/682/679_1440x960.jpg 1440w, https://cloud.funda.nl/valentina_media/177/682/679_180x120.jpg 180w, https://cloud.funda.nl/valentina_media/177/682/679_360x240.jpg 360w, https://cloud.funda.nl/valentina_media/177/682/679_720x480.jpg 720w, https://cloud.funda.nl/valentina_media/177/682/679_1080x720.jpg 1080w, https://cloud.funda.nl/valentina_media/177/682/679_2160x1440.jpg 2160w, https://cloud.funda.nl/valentina_media/177/682/663_1440x960.jpg 1440w, https://cloud.funda.nl/valentina_media/177/682/663_180x120.jpg 180w, https://cloud.funda.nl/valentina_media/177/682/663_360x240.jpg 360w, https://cloud.funda.nl/valentina_media/177/682/663_720x480.jpg 720w, https://cloud.funda.nl/valentina_media/177/682/663_1080x720.jpg 1080w, https://cloud.funda.nl/valentina_media/177/682/663_2160x1440.jpg 2160w, https://cloud.funda.nl/valentina_media/177/682/661_1440x960.jpg 1440w, https://cloud.funda.nl/valentina_media/177/682/661_180x120.jpg 180w, https://cloud.funda.nl/valentina_media/177/682/661_360x240.jpg 360w, https://cloud.funda.nl/valentina_media/177/682/661_720x480.jpg 720w, https://cloud.funda.nl/valentina_media/177/682/661_1080x720.jpg 1080w, https://cloud.funda.nl/valentina_media/177/682/661_2160x1440.jpg 2160w, https://cloud.funda.nl/valentina_media/177/682/662_1440x960.jpg 1440w, https://cloud.funda.nl/valentina_media/177/682/662_180x120.jpg 180w, https://cloud.funda.nl/valentina_media/177/682/662_360x240.jpg 360w, https://cloud.funda.nl/valentina_media/177/682/662_720x480.jpg 720w, https://cloud.funda.nl/valentina_media/177/682/662_1080x720.jpg 1080w, https://cloud.funda.nl/valentina_media/177/682/662_2160x1440.jpg 2160w, https://cloud.funda.nl/valentina_media/177/682/669_1440x960.jpg 1440w, https://cloud.funda.nl/valentina_media/177/682/669_180x120.jpg 180w, https://cloud.funda.nl/valentina_media/177/682/669_360x240.jpg 360w, https://cloud.funda.nl/valentina_media/177/682/669_720x480.jpg 720w, https://cloud.funda.nl/valentina_media/177/682/669_1080x720.jpg 1080w, https://cloud.funda.nl/valentina_media/177/682/669_2160x1440.jpg 2160w, https://cloud.funda.nl/valentina_media/177/682/667_1440x960.jpg 1440w, https://cloud.funda.nl/valentina_media/177/682/667_180x120.jpg 180w, https://cloud.funda.nl/valentina_media/177/682/667_360x240.jpg 360w, https://cloud.funda.nl/valentina_media/177/682/667_720x480.jpg 720w, https://cloud.funda.nl/valentina_media/177/682/667_1080x720.jpg 1080w, https://cloud.funda.nl/valentina_media/177/682/667_2160x1440.jpg 2160w, https://cloud.funda.nl/valentina_media/177/682/666_1440x960.jpg 1440w, https://cloud.funda.nl/valentina_media/177/682/666_180x120.jpg 180w, https://cloud.funda.nl/valentina_media/177/682/666_360x240.jpg 360w, https://cloud.funda.nl/valentina_media/177/682/666_720x480.jpg 720w, https://cloud.funda.nl/valentina_media/177/682/666_1080x720.jpg 1080w, https://cloud.funda.nl/valentina_media/177/682/666_2160x1440.jpg 2160w, https://cloud.funda.nl/valentina_media/177/682/668_1440x960.jpg 1440w, https://cloud.funda.nl/valentina_media/177/682/668_180x120.jpg 180w, https://cloud.funda.nl/valentina_media/177/682/668_360x240.jpg 360w, https://cloud.funda.nl/valentina_media/177/682/668_720x480.jpg 720w, https://cloud.funda.nl/valentina_media/177/682/668_1080x720.jpg 1080w, https://cloud.funda.nl/valentina_media/177/682/668_2160x1440.jpg 2160w, https://cloud.funda.nl/valentina_media/177/682/670_1440x960.jpg 1440w, https://cloud.funda.nl/valentina_media/177/682/670_180x120.jpg 180w, https://cloud.funda.nl/valentina_media/177/682/670_360x240.jpg 360w, https://cloud.funda.nl/valentina_media/177/682/670_720x480.jpg 720w, https://cloud.funda.nl/valentina_media/177/682/670_1080x720.jpg 1080w, https://cloud.funda.nl/valentina_media/177/682/670_2160x1440.jpg 2160w, https://cloud.funda.nl/valentina_media/177/682/675_1440x960.jpg 1440w, https://cloud.funda.nl/valentina_media/177/682/675_180x120.jpg 180w, https://cloud.funda.nl/valentina_media/177/682/675_360x240.jpg 360w, https://cloud.funda.nl/valentina_media/177/682/675_720x480.jpg 720w, https://cloud.funda.nl/valentina_media/177/682/675_1080x720.jpg 1080w, https://cloud.funda.nl/valentina_media/177/682/675_2160x1440.jpg 2160w, https://cloud.funda.nl/valentina_media/177/682/671_1440x960.jpg 1440w, https://cloud.funda.nl/valentina_media/177/682/671_180x120.jpg 180w, https://cloud.funda.nl/valentina_media/177/682/671_360x240.jpg 360w, https://cloud.funda.nl/valentina_media/177/682/671_720x480.jpg 720w, https://cloud.funda.nl/valentina_media/177/682/671_1080x720.jpg 1080w, https://cloud.funda.nl/valentina_media/177/682/671_2160x1440.jpg 2160w, https://cloud.funda.nl/valentina_media/177/682/673_1440x960.jpg 1440w, https://cloud.funda.nl/valentina_media/177/682/673_180x120.jpg 180w, https://cloud.funda.nl/valentina_media/177/682/673_360x240.jpg 360w, https://cloud.funda.nl/valentina_media/177/682/673_720x480.jpg 720w, https://cloud.funda.nl/valentina_media/177/682/673_1080x720.jpg 1080w, https://cloud.funda.nl/valentina_media/177/682/673_2160x1440.jpg 2160w, https://cloud.funda.nl/valentina_media/177/682/672_1440x960.jpg 1440w, https://cloud.funda.nl/valentina_media/177/682/672_180x120.jpg 180w, https://cloud.funda.nl/valentina_media/177/682/672_360x240.jpg 360w, https://cloud.funda.nl/valentina_media/177/682/672_720x480.jpg 720w, https://cloud.funda.nl/valentina_media/177/682/672_1080x720.jpg 1080w, https://cloud.funda.nl/valentina_media/177/682/672_2160x1440.jpg 2160w, https://cloud.funda.nl/valentina_media/177/682/674_1440x960.jpg 1440w, https://cloud.funda.nl/valentina_media/177/682/674_180x120.jpg 180w, https://cloud.funda.nl/valentina_media/177/682/674_360x240.jpg 360w, https://cloud.funda.nl/valentina_media/177/682/674_720x480.jpg 720w, https://cloud.funda.nl/valentina_media/177/682/674_1080x720.jpg 1080w, https://cloud.funda.nl/valentina_media/177/682/674_2160x1440.jpg 2160w, https://cloud.funda.nl/valentina_media/177/682/676_1440x960.jpg 1440w, https://cloud.funda.nl/valentina_media/177/682/676_180x120.jpg 180w, https://cloud.funda.nl/valentina_media/177/682/676_360x240.jpg 360w, https://cloud.funda.nl/valentina_media/177/682/676_720x480.jpg 720w, https://cloud.funda.nl/valentina_media/177/682/676_1080x720.jpg 1080w, https://cloud.funda.nl/valentina_media/177/682/676_2160x1440.jpg 2160w, https://cloud.funda.nl/valentina_media/177/682/678_1440x960.jpg 1440w, https://cloud.funda.nl/valentina_media/177/682/678_180x120.jpg 180w, https://cloud.funda.nl/valentina_media/177/682/678_360x240.jpg 360w, https://cloud.funda.nl/valentina_media/177/682/678_720x480.jpg 720w, https://cloud.funda.nl/valentina_media/177/682/678_1080x720.jpg 1080w, https://cloud.funda.nl/valentina_media/177/682/678_2160x1440.jpg 2160w, https://cloud.funda.nl/valentina_media/177/682/682_1440x960.jpg 1440w, https://cloud.funda.nl/valentina_media/177/682/682_180x120.jpg 180w, https://cloud.funda.nl/valentina_media/177/682/682_360x240.jpg 360w, https://cloud.funda.nl/valentina_media/177/682/682_720x480.jpg 720w, https://cloud.funda.nl/valentina_media/177/682/682_1080x720.jpg 1080w, https://cloud.funda.nl/valentina_media/177/682/682_2160x1440.jpg 2160w, https://cloud.funda.nl/valentina_media/177/682/677_1440x960.jpg 1440w, https://cloud.funda.nl/valentina_media/177/682/677_180x120.jpg 180w, https://cloud.funda.nl/valentina_media/177/682/677_360x240.jpg 360w, https://cloud.funda.nl/valentina_media/177/682/677_720x480.jpg 720w, https://cloud.funda.nl/valentina_media/177/682/677_1080x720.jpg 1080w, https://cloud.funda.nl/valentina_media/177/682/677_2160x1440.jpg 2160w, https://cloud.funda.nl/valentina_media/177/682/681_1440x960.jpg 1440w, https://cloud.funda.nl/valentina_media/177/682/681_180x120.jpg 180w, https://cloud.funda.nl/valentina_media/177/682/681_360x240.jpg 360w, https://cloud.funda.nl/valentina_media/177/682/681_720x480.jpg 720w, https://cloud.funda.nl/valentina_media/177/682/681_1080x720.jpg 1080w, https://cloud.funda.nl/valentina_media/177/682/681_2160x1440.jpg 2160w, https://cloud.funda.nl/valentina_media/177/682/693_1440x960.jpg 1440w, https://cloud.funda.nl/valentina_media/177/682/693_180x120.jpg 180w, https://cloud.funda.nl/valentina_media/177/682/693_360x240.jpg 360w, https://cloud.funda.nl/valentina_media/177/682/693_720x480.jpg 720w, https://cloud.funda.nl/valentina_media/177/682/693_1080x720.jpg 1080w, https://cloud.funda.nl/valentina_media/177/682/693_2160x1440.jpg 2160w, https://cloud.funda.nl/valentina_media/177/682/683_1440x960.jpg 1440w, https://cloud.funda.nl/valentina_media/177/682/683_180x120.jpg 180w, https://cloud.funda.nl/valentina_media/177/682/683_360x240.jpg 360w, https://cloud.funda.nl/valentina_media/177/682/683_720x480.jpg 720w, https://cloud.funda.nl/valentina_media/177/682/683_1080x720.jpg 1080w, https://cloud.funda.nl/valentina_media/177/682/683_2160x1440.jpg 2160w, https://cloud.funda.nl/valentina_media/177/682/684_1440x960.jpg 1440w, https://cloud.funda.nl/valentina_media/177/682/684_180x120.jpg 180w, https://cloud.funda.nl/valentina_media/177/682/684_360x240.jpg 360w, https://cloud.funda.nl/valentina_media/177/682/684_720x480.jpg 720w, https://cloud.funda.nl/valentina_media/177/682/684_1080x720.jpg 1080w, https://cloud.funda.nl/valentina_media/177/682/684_2160x1440.jpg 2160w, https://cloud.funda.nl/valentina_media/177/682/686_1440x960.jpg 1440w, https://cloud.funda.nl/valentina_media/177/682/686_180x120.jpg 180w, https://cloud.funda.nl/valentina_media/177/682/686_360x240.jpg 360w, https://cloud.funda.nl/valentina_media/177/682/686_720x480.jpg 720w, https://cloud.funda.nl/valentina_media/177/682/686_1080x720.jpg 1080w, https://cloud.funda.nl/valentina_media/177/682/686_2160x1440.jpg 2160w, https://cloud.funda.nl/valentina_media/177/682/685_1440x960.jpg 1440w, https://cloud.funda.nl/valentina_media/177/682/685_180x120.jpg 180w, https://cloud.funda.nl/valentina_media/177/682/685_360x240.jpg 360w, https://cloud.funda.nl/valentina_media/177/682/685_720x480.jpg 720w, https://cloud.funda.nl/valentina_media/177/682/685_1080x720.jpg 1080w, https://cloud.funda.nl/valentina_media/177/682/685_2160x1440.jpg 2160w, https://cloud.funda.nl/valentina_media/177/682/689_1440x960.jpg 1440w, https://cloud.funda.nl/valentina_media/177/682/689_180x120.jpg 180w, https://cloud.funda.nl/valentina_media/177/682/689_360x240.jpg 360w, https://cloud.funda.nl/valentina_media/177/682/689_720x480.jpg 720w, https://cloud.funda.nl/valentina_media/177/682/689_1080x720.jpg 1080w, https://cloud.funda.nl/valentina_media/177/682/689_2160x1440.jpg 2160w, https://cloud.funda.nl/valentina_media/177/682/688_1440x960.jpg 1440w, https://cloud.funda.nl/valentina_media/177/682/688_180x120.jpg 180w, https://cloud.funda.nl/valentina_media/177/682/688_360x240.jpg 360w, https://cloud.funda.nl/valentina_media/177/682/688_720x480.jpg 720w, https://cloud.funda.nl/valentina_media/177/682/688_1080x720.jpg 1080w, https://cloud.funda.nl/valentina_media/177/682/688_2160x1440.jpg 2160w;1313;
https://www.funda.nl/koop/kedichem/huis-43408884-lingedijk-0-ong/;43408884;kedichem;huis;Nieuwbouw;420000;3589.7;4;3;0;117;na;4247;Lingedijk (Bouwnr. 7);2024;0;Op zoek naar  een  een duurzame  en landelijk  gelegen nieuwbouwwoning in Kedichem  (Kekum)?   Nieuwbouwplan Hoeve Lingerijk bestaat uit 10 rug-aan-rugwoningen  aan de Lingedijk.  De  naam van  het project  maakt  een  knipoog  naar de naastgelegen ‘Gravinnehoeve’ en het prachtig wonen in een groene omgeving vlak naast de rivier de Linge. Hoeve Lingerijk wordt een fijne plek om te wonen in een landelijke omgeving. En je bent ook nog eens snel in Leerdam, Utrecht, Nieuwegein en Gorinchem!;https://cloud.funda.nl/valentina_media/188/731/868_1440x960.jpg 1440w, https://cloud.funda.nl/valentina_media/188/731/868_180x120.jpg 180w, https://cloud.funda.nl/valentina_media/188/731/868_360x240.jpg 360w, https://cloud.funda.nl/valentina_media/188/731/868_720x480.jpg 720w, https://cloud.funda.nl/valentina_media/188/731/868_1080x720.jpg 1080w, https://cloud.funda.nl/valentina_media/188/731/868_2160x1440.jpg 2160w, https://cloud.funda.nl/valentina_media/188/731/870_1440x960.jpg 1440w, https://cloud.funda.nl/valentina_media/188/731/870_180x120.jpg 180w, https://cloud.funda.nl/valentina_media/188/731/870_360x240.jpg 360w, https://cloud.funda.nl/valentina_media/188/731/870_720x480.jpg 720w, https://cloud.funda.nl/valentina_media/188/731/870_1080x720.jpg 1080w, https://cloud.funda.nl/valentina_media/188/731/870_2160x1440.jpg 2160w, https://cloud.funda.nl/valentina_media/188/731/887_1440x960.jpg 1440w, https://cloud.funda.nl/valentina_media/188/731/887_180x120.jpg 180w, https://cloud.funda.nl/valentina_media/188/731/887_360x240.jpg 360w, https://cloud.funda.nl/valentina_media/188/731/887_720x480.jpg 720w, https://cloud.funda.nl/valentina_media/188/731/887_1080x720.jpg 1080w, https://cloud.funda.nl/valentina_media/188/731/887_2160x1440.jpg 2160w, https://cloud.funda.nl/valentina_media/188/731/874_1440x960.jpg 1440w, https://cloud.funda.nl/valentina_media/188/731/874_180x120.jpg 180w, https://cloud.funda.nl/valentina_media/188/731/874_360x240.jpg 360w, https://cloud.funda.nl/valentina_media/188/731/874_720x480.jpg 720w, https://cloud.funda.nl/valentina_media/188/731/874_1080x720.jpg 1080w, https://cloud.funda.nl/valentina_media/188/731/874_2160x1440.jpg 2160w;982;
https://www.funda.nl/koop/kedichem/huis-43408870-lingedijk-0-ong/;43408870;kedichem;huis;Nieuwbouw;450000;3846.2;3;2;0;117;na;4247;Lingedijk (Bouwnr. 10);2024;0;Op zoek naar  een  een duurzame  en landelijk  gelegen nieuwbouwwoning in Kedichem  (Kekum)?   Nieuwbouwplan Hoeve Lingerijk bestaat uit 10  rug-aan-rugwoningen  aan de Lingedijk.  De  naam  van  het  project  maakt  een knipoog  naar de naastgelegen ‘Gravinnehoeve’ en het prachtig wonen in een groene omgeving vlak naast de rivier de Linge. Hoeve Lingerijk wordt een fijne plek om te wonen in een landelijke omgeving. En je bent ook nog eens snel in Leerdam, Utrecht, Nieuwegein en Gorinchem!;https://cloud.funda.nl/valentina_media/188/732/184_1440x960.jpg 1440w, https://cloud.funda.nl/valentina_media/188/732/184_180x120.jpg 180w, https://cloud.funda.nl/valentina_media/188/732/184_360x240.jpg 360w, https://cloud.funda.nl/valentina_media/188/732/184_720x480.jpg 720w, https://cloud.funda.nl/valentina_media/188/732/184_1080x720.jpg 1080w, https://cloud.funda.nl/valentina_media/188/732/184_2160x1440.jpg 2160w, https://cloud.funda.nl/valentina_media/188/732/185_1440x960.jpg 1440w, https://cloud.funda.nl/valentina_media/188/732/185_180x120.jpg 180w, https://cloud.funda.nl/valentina_media/188/732/185_360x240.jpg 360w, https://cloud.funda.nl/valentina_media/188/732/185_720x480.jpg 720w, https://cloud.funda.nl/valentina_media/188/732/185_1080x720.jpg 1080w, https://cloud.funda.nl/valentina_media/188/732/185_2160x1440.jpg 2160w, https://cloud.funda.nl/valentina_media/188/732/186_1440x960.jpg 1440w, https://cloud.funda.nl/valentina_media/188/732/186_180x120.jpg 180w, https://cloud.funda.nl/valentina_media/188/732/186_360x240.jpg 360w, https://cloud.funda.nl/valentina_media/188/732/186_720x480.jpg 720w, https://cloud.funda.nl/valentina_media/188/732/186_1080x720.jpg 1080w, https://cloud.funda.nl/valentina_media/188/732/186_2160x1440.jpg 2160w, https://cloud.funda.nl/valentina_media/188/732/187_1440x960.jpg 1440w, https://cloud.funda.nl/valentina_media/188/732/187_180x120.jpg 180w, https://cloud.funda.nl/valentina_media/188/732/187_360x240.jpg 360w, https://cloud.funda.nl/valentina_media/188/732/187_720x480.jpg 720w, https://cloud.funda.nl/valentina_media/188/732/187_1080x720.jpg 1080w, https://cloud.funda.nl/valentina_media/188/732/187_2160x1440.jpg 2160w;1283;
